{
  "all_triggers": {
      "Veffs": [
          0.0,
          1704810.4317330248,
          0.0,
          0.0,
          0.0,
          514141.5875298433,
          0.0,
          0.0,
          0.0,
          2142918.5093931872,
          12314.33478359998,
          5442731.846836298,
          12533492.041423649,
          19053020.814381883,
          12190579.035708534,
          30720666.178224277,
          46284817.27148815,
          89934568.0860751,
          145001597.3475562,
          136699784.65414837,
          229940037.163531,
          264232662.12379926,
          329336670.5447714,
          491516476.00816625,
          585194614.2231423,
          825083878.1845299,
          1067083455.3095232,
          1387262626.6029527,
          1660624372.1241183,
          2082816659.8660266,
          2682297438.6702337,
          3183003743.0506206,
          4001914467.8726287,
          4877841412.831419,
          5783450105.087006,
          7189260041.360721,
          8453144359.714321,
          10036116516.479637,
          11555078945.799955,
          13682096839.589611,
          16202054883.907333,
          18387737558.202507,
          20928107005.58072,
          23442554726.710346,
          26417584940.10455,
          30201243889.622486,
          33205405252.22048,
          36942440679.89664,
          40450422012.402695
      ],
      "Veffs_uncertainty": [
          0.0,
          1705139.004457278,
          0.0,
          0.0,
          0.0,
          936403.6737282074,
          0.0,
          0.0,
          0.0,
          1911721.2594978998,
          144919.6311333106,
          3046703.635200339,
          4623360.801323601,
          5700378.097359708,
          4559675.21479974,
          7238307.955718483,
          8884664.208812844,
          12384687.950606031,
          17581792.147640366,
          15268826.385550892,
          19802911.216274854,
          21228289.022375006,
          23699642.074234605,
          28952814.105170727,
          31591620.375619747,
          37512049.46345586,
          42660008.236662515,
          48640842.083148636,
          53217864.7607831,
          59600137.70548662,
          67635578.53578413,
          73678422.10165362,
          82614379.04528801,
          91208555.98634914,
          99315089.51171455,
          110729627.28980735,
          120068997.52241428,
          130829170.88794191,
          140380957.48918334,
          152755927.59110907,
          166228999.61872616,
          197988924.5250615,
          188923818.70773134,
          199951290.31153563,
          212260067.50146422,
          226952074.58150363,
          237972149.9411736,
          251006249.20698485,
          262653547.06733933
      ]
    },
      "energies": [
          1124657822119817.2,
          1422529313485372.0,
          1799293623291548.0,
          2275845926074791.0,
          2878615592354559.5,
          3641031949310677.0,
          4605378255822398.0,
          5825136712468927.0,
          7367954559661629.0,
          9319395762340776.0,
          1.1787686347935818e+16,
          1.490971657184063e+16,
          1.8858632787726556e+16,
          2.3853440064314164e+16,
          3.0171148105292772e+16,
          3.816213407949349e+16,
          4.826957437677881e+16,
          6.1054022965853144e+16,
          7.72244994583627e+16,
          9.767781100894942e+16,
          1.2354828882567482e+17,
          1.56270697654699e+17,
          1.976598071701635e+17,
          2.500110382617941e+17,
          3.1622776601683795e+17,
          3.9998233956089165e+17,
          5.059197488435822e+17,
          6.399152336349286e+17,
          8.094001216083116e+17,
          1.0237739663395795e+18,
          1.2949258422052605e+18,
          1.637893706954068e+18,
          2.0716983998953034e+18,
          2.620398528858354e+18,
          3.3144247494664453e+18,
          4.192267435236923e+18,
          5.302611335911971e+18,
          6.707035611184313e+18,
          8.48342898244076e+18,
          1.0730309405261566e+19,
          1.3572287829716482e+19,
          1.7166979066078603e+19,
          2.1713743029375263e+19,
          2.7464741148160504e+19,
          3.4738921120831263e+19,
          4.393970560760786e+19,
          5.557736586486892e+19,
          7.029732115325461e+19,
          8.891593339164659e+19
      ]
}
